Title,Uploader,Views,Likes,Clip URL,Creation Date
 Billie Eilish - Bellyache , ilovebilleeilsish , 193 , 1 ,https://www.voicy.network/sounds/KbDJeVHM30aHEUQSiS1VnA-billie-eilish-bellyache,"Apr 10, 2021"
 Billie Eilish - bad guy (Lyrics) , ilovebilleeilsish , 257 , 4 ,https://www.voicy.network/sounds/bEs9Carb2kC9f5MLWu7f7w-billie-eilish-bad-guy-lyrics,"Apr 10, 2021"
 Billie Eilish - Therefore I Am (Lyrics) , ilovebilleeilsish , 138 , 1 ,https://www.voicy.network/sounds/8PYOHjGUwEaiGOFgLthViQ-billie-eilish-therefore-i-am-lyrics,"Apr 10, 2021"
 Billie Eilish - Therefore I Am (Official Music Video) , ilovebilleeilsish , 114 , 1 ,https://www.voicy.network/sounds/q1AERzaj-keklVJJQI3GXQ-billie-eilish-therefore-i-am-official-music-video,"Apr 10, 2021"
 BILLIE EILISH. , Orangeisafruit , 302 , 2 ,https://www.voicy.network/sounds/tB8aLjirv0ihL5pFyWf_sg-billie-eilish,"Sep 25, 2022"
 BILLIE EILISH. , Orangeisafruit , 343 , 4 ,https://www.voicy.network/sounds/GUdDp3p9FEmLxkeOE_3lFQ-billie-eilish,"Oct 15, 2022"
 Billie eilish -  happier than ever , Tennisbull , 1.1K , 4 ,https://www.voicy.network/sounds/Inbq3tDZY0yrptqiDc4s4g-billie-eilish-happier-than-ever,"Jan 20, 2022"
 I need someone , dotnetworks880 , 46 ,No likes,https://www.voicy.network/sounds/d5by_XhSqEqJeK0cyhZMuQ-i-need-someone,"Jun 29, 2022"
 Billie Eilish - Therefore I Am~ , jacky_pieee , 129 , 4 ,https://www.voicy.network/sounds/Uehzv3Zfak6n3dI5iyWalg-billie-eilish-therefore-i-am,"Apr 9, 2021"
 My name is billie eilish  , dotnetworks880 , 25 ,No likes,https://www.voicy.network/sounds/_4SE5M8-xEK5vwa9xKTNCQ-my-name-is-billie-eilish,"Jun 30, 2022"
 It's my style , dotnetworks880 , 22 ,No likes,https://www.voicy.network/sounds/z01ODtDIIk60uvsGipaarQ-its-my-style,"Jun 30, 2022"
 It's very exciting  , dotnetworks880 , 57 ,No likes,https://www.voicy.network/sounds/tLrLda7ya0SW9Nry0U_wgQ-its-very-exciting,"Jun 30, 2022"
 Billie Eilish - bad guy  |  Rubber Chicken Cover , ETmemer489274 , 442 , 7 ,https://www.voicy.network/sounds/EFiRJmGBWk2eK5abLEBIfQ-billie-eilish-bad-guy-rubber-chicken-cover,"Sep 24, 2020"
 Billie Eilish - when the party's over , ilovebilleeilsish , 135 , 1 ,https://www.voicy.network/sounds/81t5xz6Vj0KD9HHwR-5wMA-billie-eilish-when-the-partys-over,"Apr 10, 2021"
" Billie Eilish, Khalid - lovely ", weak , 180 , 2 ,https://www.voicy.network/sounds/m0VTyoH9XUaX9Fw0voQTJg-billie-eilish-khalid-lovely,"Dec 20, 2021"
 billie eilish - bellyache (sped up) , editxaudios_ , 58 , 1 ,https://www.voicy.network/sounds/Ha9ywZWDd0aAzoAH65TAyw-billie-eilish-bellyache-sped-up,"Aug 10, 2022"
 Billie eilish , Bobyy , 96 , 4 ,https://www.voicy.network/sounds/Nh_M15gXME2JHsVQobSqYA-billie-eilish,"Sep 24, 2022"
 Don't post your feelings  , dotnetworks880 , 65 ,No likes,https://www.voicy.network/sounds/-yw919XAdkeBTrRKee7sjg-dont-post-your-feelings,"Jun 29, 2022"
 I love my family dearly , dotnetworks880 , 20 ,No likes,https://www.voicy.network/sounds/yiWocG_FRUy4yo8I8ywjcQ-i-love-my-family-dearly,"Jun 30, 2022"
 Billie Eilish with Justin Bieber - bad guy , Cristian , 249 , 2 ,https://www.voicy.network/sounds/JcbHPUG6Xk2BNqpjbmaoBQ-billie-eilish-with-justin-bieber-bad-guy,"Feb 10, 2021"
 Billie Eilish with Justin Bieber - bad guy , Cristian , 145 ,No likes,https://www.voicy.network/sounds/ZV1SkUpUdUK0j9_VpW7Pgg-billie-eilish-with-justin-bieber-bad-guy,"Feb 16, 2021"
 Billie Eilish - Bad Guy Earrape , Zronxy , 346 , 3 ,https://www.voicy.network/sounds/5STYHVYdQEu6BXnZKkmkxA-billie-eilish-bad-guy-earrape,"May 9, 2021"
 billie eilish - idontwannabeyouanymore (cupcakke remix) , Orangeisafruit , 540 , 2 ,https://www.voicy.network/sounds/wI3EJta-ckKFrHvkwi2JGQ-billie-eilish-idontwannabeyouanymore-cupcakke-remix,"Jan 2, 2022"
 My name is Billie Eilish  , Dotnetworks40 , 41 ,No likes,https://www.voicy.network/sounds/erLgnrtNtEeDkCScwnqunQ-my-name-is-billie-eilish,"Jun 10, 2022"
 This kid is so fucking annoyed  , dotnetworks880 , 25 ,No likes,https://www.voicy.network/sounds/MiaPQJQEx0elmXOkFCSydQ-this-kid-is-so-fucking-annoyed,"Jun 30, 2022"
 I can manage my way around people , dotnetworks880 , 12 ,No likes,https://www.voicy.network/sounds/geo8p0GDn0mlq3uyPTZ-Ig-i-can-manage-my-way-around-people,"Jun 30, 2022"
 I guess I gotta stay now  , dotnetworks880 , 34 ,No likes,https://www.voicy.network/sounds/bocjCevJxUCmoxPT7C3-ZQ-i-guess-i-gotta-stay-now,"Jun 30, 2022"
 No one can hurt you , dotnetworks880 , 40 ,No likes,https://www.voicy.network/sounds/bfWlPYPvBEeFFBS-1Hkn0w-no-one-can-hurt-you,"Jun 30, 2022"
 Yeah made it weird with santa , dotnetworks880 , 23 ,No likes,https://www.voicy.network/sounds/N_-uWNOhdUKBFmY4JCK5VA-yeah-made-it-weird-with-santa,"Jun 30, 2022"
 I like when you get mad , dotnetworks880 , 310 ,No likes,https://www.voicy.network/sounds/Qn9W39dI2UOmaRIoBRt19g-i-like-when-you-get-mad,"Jun 30, 2022"
 Pooping is my favorite part of the day , dotnetworks880 , 33 ,No likes,https://www.voicy.network/sounds/GPwHELFv9UiLFT9xPZ9ArA-pooping-is-my-favorite-part-of-the-day,"Jun 30, 2022"
 Let me suck your dick  , dotnetworks880 , 84 ,No likes,https://www.voicy.network/sounds/i0RRoamZdkijU036CHacyg-let-me-suck-your-dick,"Jun 30, 2022"
 It was a winters night , dotnetworks880 , 16 ,No likes,https://www.voicy.network/sounds/e0gZh7Y2rEaqkm0ayDpSCA-it-was-a-winters-night,"Jun 30, 2022"
 Billie Eilish - Oxytocin (Official Lyric Video) , Tennisbull , 102 ,No likes,https://www.voicy.network/sounds/eIywjmx5WUaX9QNU0--LJg-billie-eilish-oxytocin-official-lyric-video,"Jan 20, 2022"
 Billie Eilish - OverHeated (Official Lyric Video) , Tennisbull , 126 ,No likes,https://www.voicy.network/sounds/X5VqTJr4okWeXh6M3GFbOA-billie-eilish-overheated-official-lyric-video,"Jan 20, 2022"
 Stepping Outside without. , Dotnetworks40 , 17 ,No likes,https://www.voicy.network/sounds/faywUObcqkG1Yt3yvOgk0w-stepping-outside-without,"Jun 10, 2022"
 Many people can try to help me , dotnetworks880 , 40 ,No likes,https://www.voicy.network/sounds/GCbPGSRahUaSmQp2KYaVDg-many-people-can-try-to-help-me,"Jun 29, 2022"
 Billie Eilish feat VITAS - The 7th Element BAD GUY , xander , 410 , 3 ,https://www.voicy.network/sounds/WKtMi8MuJ06j7vhVpyINmQ-billie-eilish-feat-vitas-the-7th-element-bad-guy,"Oct 7, 2020"
 Billie Eilish - you should see me in a crown , Sgoodin , 73 , 1 ,https://www.voicy.network/sounds/fWrmvRXB0USkmSoyrigH9w-billie-eilish-you-should-see-me-in-a-crown,"Nov 4, 2021"
 Billie Eilish - Happier Than Ever (cupcakKe Remix) , WhorUiH8U , 193 ,No likes,https://www.voicy.network/sounds/ZXMKHBSfF0KdfRnWilkiCg-billie-eilish-happier-than-ever-cupcakke-remix,"Jan 18, 2022"
 Billie Eilish - Halleyâ€™s Comet (Official Lyric Video) , Tennisbull , 90 ,No likes,https://www.voicy.network/sounds/54aoJOpGzEmqIjlETMWRTg-billie-eilish-halley-s-comet-official-lyric-video,"Jan 20, 2022"
 Billie Eilish - Everybody Dies (Official Lyric Video) , Tennisbull , 87 ,No likes,https://www.voicy.network/sounds/oamNBAG9yUinXvwZ0f8cgg-billie-eilish-everybody-dies-official-lyric-video,"Jan 20, 2022"
 Billie Eilish - Happier Than Ever (rock version) , WhorUiH8U , 396 , 1 ,https://www.voicy.network/sounds/fDOn7PRu7E6FMhIz-Vndlw-billie-eilish-happier-than-ever-rock-version,"Jan 22, 2022"
 Billie Eilish - No Time To Die (Audio) , Iluvbeef , 136 , 1 ,https://www.voicy.network/sounds/07mWVUUxmUOlQN0yBf7BVA-billie-eilish-no-time-to-die-audio,"Jan 24, 2022"
" Oh, I'm really smart ", Dotnetworks40 , 21 ,No likes,https://www.voicy.network/sounds/hcOwhjj3W0_x4EPZnKcevg-oh-im-really-smart,"Jun 10, 2022"
 You are wrong he's bright blue , dotnetworks880 , 6 ,No likes,https://www.voicy.network/sounds/aSh201WWQUC1rfZV4m7_Tw-you-are-wrong-hes-bright-blue,"Jun 30, 2022"
 Billie eilish - happier than ever (slowed + reverb) , Orangeisafruit , 250 ,No likes,https://www.voicy.network/sounds/N_iEemklAUq3oFLaL1C3aA-billie-eilish-happier-than-ever-slowed-reverb,"Aug 26, 2022"
 No one is gonna remember you so fuck it , dotnetworks880 , 31 ,No likes,https://www.voicy.network/sounds/YcWDXv8yukezWxaxURfv6g-no-one-is-gonna-remember-you-so-fuck-it,"Jun 29, 2022"
  But I don't fucking care I really don't care , Dotnetworks40 , 26 ,No likes,https://www.voicy.network/sounds/G33WQDUpPUGByXl-5Xl8NA-but-i-dont-fucking-care-i-really-dont-care,"Jun 10, 2022"
  She's new to this just , Dotnetworks40 , 8 ,No likes,https://www.voicy.network/sounds/DPn8eLMcp0mHCV7nZk17rA-shes-new-to-this-just,"Jun 10, 2022"
 Am going to stuff it's like anywhere , Dotnetworks40 , 43 ,No likes,https://www.voicy.network/sounds/dNW6SyfGO0WmVprilIQgLQ-am-going-to-stuff-its-like-anywhere,"Jun 10, 2022"
" Because even though then, you know ", Dotnetworks40 , 15 ,No likes,https://www.voicy.network/sounds/LCCMNZ8D80O_wwhEm3HTQg-because-even-though-then-you-know,"Jun 10, 2022"
 Was going through an identity crisis , Dotnetworks40 , 6 ,No likes,https://www.voicy.network/sounds/J-3GAo7bcU__KTeAuQoIuA-was-going-through-an-identity-crisis,"Jun 10, 2022"
 Billi Eilish oof bad guy , crazygipi , 317 , 2 ,https://www.voicy.network/sounds/-Z5ss_bY2E2OzQ4HhijlaQ-billi-eilish-oof-bad-guy,"Nov 23, 2022"
 I feel like I'm probably the most confident , Dotnetworks40 , 12 ,No likes,https://www.voicy.network/sounds/YsVr-cPUMUqy1eZ_Fwq0CQ-i-feel-like-im-probably-the-most-confident,"Jun 10, 2022"
  I guess I turned to my mom. Honestly , Dotnetworks40 , 69 ,No likes,https://www.voicy.network/sounds/UlvW1EnYUkOdITqiXgkJWA-i-guess-i-turned-to-my-mom-honestly,"Jun 10, 2022"
" It's not just for you, you selfish bitch ", Dotnetworks40 , 10 ,No likes,https://www.voicy.network/sounds/-SW1NVQ0kESrYFtKt_wXkg-its-not-just-for-you-you-selfish-bitch,"Jun 10, 2022"
" Take care of the people around you, man ", Dotnetworks40 , 9 ,No likes,https://www.voicy.network/sounds/T8sqNDJlDkSaMTstmJ3eOA-take-care-of-the-people-around-you-man,"Jun 10, 2022"
 Yeah no nothing will ever top that. 2019 , Dotnetworks40 , 12 ,No likes,https://www.voicy.network/sounds/8jb3mxhcvES-1AVtMqiIrw-yeah-no-nothing-will-ever-top-that-2019,"Jun 10, 2022"
" And by the way, I'm never doing that again ", Dotnetworks40 , 10 ,No likes,https://www.voicy.network/sounds/AcdmU4_pTk_7fKT40s_NAw-and-by-the-way-im-never-doing-that-again,"Jun 10, 2022"
 Gosh it's been a crazy couple of years man , Dotnetworks40 , 25 ,No likes,https://www.voicy.network/sounds/ZnYiky2nukyI8gu_KVCWPA-gosh-its-been-a-crazy-couple-of-years-man,"Jun 10, 2022"
  Like change my life and perspective on music , Dotnetworks40 , 6 ,No likes,https://www.voicy.network/sounds/d0N2Kln-iUyUt1eyrnXk1A-like-change-my-life-and-perspective-on-music,"Jun 10, 2022"
  My favorite artist at the moment is the dought , Dotnetworks40 , 12 ,No likes,https://www.voicy.network/sounds/wPkyONDkxkid247J8AF8OQ-my-favorite-artist-at-the-moment-is-the-dought,"Jun 10, 2022"
 That's the scariest part of my day every day , Dotnetworks40 , 9 ,No likes,https://www.voicy.network/sounds/-SQ6hK8Zo0SLkJ-MAgVWkw-thats-the-scariest-part-of-my-day-every-day,"Jun 10, 2022"
 They are the thing that makes me feel , Dotnetworks40 , 5 ,No likes,https://www.voicy.network/sounds/9jsM8HvlqUur5FyxMqjtNw-they-are-the-thing-that-makes-me-feel,"Jun 10, 2022"
" My attitude used to be well, I can't go out ", Dotnetworks40 , 15 ,No likes,https://www.voicy.network/sounds/UYgmcDoaPESjvLIA0SQS-Q-my-attitude-used-to-be-well-i-cant-go-out,"Jun 10, 2022"
  I was like I only want thobe seen if I look like myself , Dotnetworks40 , 3 ,No likes,https://www.voicy.network/sounds/PJIpRF5YUkeE4_K5XDSFqw-i-was-like-i-only-want-thobe-seen-if-i-look-like-myself,"Jun 10, 2022"
